ID,Content1,Content2,Content3,Content4,Content5,Content6,Content7,Content8,Content9,Content10,Content11,Content12,Content13,Content14,Content15,Content16,Image URL,PPT URL,Image URL2,PPT URL2,Image URL3,PPT URL3,Image URL4,PPT URL4,Image URL5,PPT URL5,Image URL6,PPT URL6,Image URL7,PPT URL7,Image URL8,PPT URL8,Image URL9,PPT URL9,Image URL10,PPT URL10
,id_000001,KDB생명보험 STT/TA 구축,KDB생명보험 STT/TA 구축,참고자료,기업,(타사)_KDB생명보험 STT/TA 구축,KDB생명보험,,Green,,I. 제안배경,1. 추진배경,_,_,_,"1. 거버닝
급변하는 금융환경에 적극적인 대응을 위해 녹취 데이터 분석을 통한 상담품질 및 업무 자동화로 고객센터 효율화
상담 기반 데이터 분석을 통해 마케팅, 상품, 영업, VOC 및 리스크 분석으로 향후 빅데이터 분석과 연계 활용

2. 제안목표 : AI 기술을 통한 CS Transformation 과 Technology Innovation 구현
STT/TA 시스템 구축 / Auto – QA 서비스 / Digital Transformation

3. 사업 추진 배경 : 고객 만족 측면 / 운영 효율화 측면",https://storage.googleapis.com/a_jeancontents/03_KDB%EC%83%9D%EB%AA%85%EB%B3%B4%ED%97%98_AICC_%EA%B5%AC%EC%B6%95/(KDB%EC%83%9D%EB%AA%85%EB%B3%B4%ED%97%98)STT-TA%EA%B5%AC%EC%B6%95%EC%82%AC%EC%97%85/%EC%8A%AC%EB%9D%BC%EC%9D%B4%EB%93%9C5.PNG,https://storage.googleapis.com/a_jeancontents/03_KDB%EC%83%9D%EB%AA%85%EB%B3%B4%ED%97%98_AICC_%EA%B5%AC%EC%B6%95/(KDB%EC%83%9D%EB%AA%85%EB%B3%B4%ED%97%98)STT-TA%EA%B5%AC%EC%B6%95%EC%82%AC%EC%97%85/ppt/STT-TA%EA%B5%AC%EC%B6%95%EC%82%AC%EC%97%85%20%5Bslide%205%5D.pptx,,,,,,,,,,,,,,,,,,
,id_000002,KDB생명보험 STT/TA 구축,KDB생명보험 STT/TA 구축,참고자료,기업,(타사)_KDB생명보험 STT/TA 구축,KDB생명보험,,Green,,I. 제안배경,2. 추진범위,2.1 기본과업,_,_,"1. 거버닝
본 사업의 구축범위는 음성인식(STT), 텍스트분석(TA), Auto-QA 시스템 구축이며, 10분 이내 분석결과 제시
실시간 전환이 용이해야 하며, 향후 AI 콜센터 및 빅데이터 분석을 위한 기반 마련

2. 제안내용
과업내용 / 사업기간",https://storage.googleapis.com/a_jeancontents/03_KDB%EC%83%9D%EB%AA%85%EB%B3%B4%ED%97%98_AICC_%EA%B5%AC%EC%B6%95/(KDB%EC%83%9D%EB%AA%85%EB%B3%B4%ED%97%98)STT-TA%EA%B5%AC%EC%B6%95%EC%82%AC%EC%97%85/%EC%8A%AC%EB%9D%BC%EC%9D%B4%EB%93%9C6.PNG,https://storage.googleapis.com/a_jeancontents/03_KDB%EC%83%9D%EB%AA%85%EB%B3%B4%ED%97%98_AICC_%EA%B5%AC%EC%B6%95/(KDB%EC%83%9D%EB%AA%85%EB%B3%B4%ED%97%98)STT-TA%EA%B5%AC%EC%B6%95%EC%82%AC%EC%97%85/ppt/STT-TA%EA%B5%AC%EC%B6%95%EC%82%AC%EC%97%85%20%5Bslide%206%5D.pptx,,,,,,,,,,,,,,,,,,
,id_000003,KDB생명보험 STT/TA 구축,KDB생명보험 STT/TA 구축,참고자료,기업,(타사)_KDB생명보험 STT/TA 구축,KDB생명보험,,Green,,I. 제안배경,2. 추진범위,2.2 향후 로드맵,_,_,"1. 거버닝
AI컨택센터 구현을 위한 단계별 발전 로드맵 제시를 통해 콜센터의 운영혁신 뿐만 아니라 가치창출에 기여하고자 함

2. 제안내용
고객채널 역할 확대에 따라 AI 고객센터로의 Transformation 가속화
인공지능 기술 발전으로 단순업무의 대체 
DT 기술 적용을 통한 경영목표 달성 지원",https://storage.googleapis.com/a_jeancontents/03_KDB%EC%83%9D%EB%AA%85%EB%B3%B4%ED%97%98_AICC_%EA%B5%AC%EC%B6%95/(KDB%EC%83%9D%EB%AA%85%EB%B3%B4%ED%97%98)STT-TA%EA%B5%AC%EC%B6%95%EC%82%AC%EC%97%85/%EC%8A%AC%EB%9D%BC%EC%9D%B4%EB%93%9C7.PNG,https://storage.googleapis.com/a_jeancontents/03_KDB%EC%83%9D%EB%AA%85%EB%B3%B4%ED%97%98_AICC_%EA%B5%AC%EC%B6%95/(KDB%EC%83%9D%EB%AA%85%EB%B3%B4%ED%97%98)STT-TA%EA%B5%AC%EC%B6%95%EC%82%AC%EC%97%85/ppt/STT-TA%EA%B5%AC%EC%B6%95%EC%82%AC%EC%97%85%20%5Bslide%207%5D.pptx,,,,,,,,,,,,,,,,,,
,id_000004,KDB생명보험 STT/TA 구축,KDB생명보험 STT/TA 구축,참고자료,기업,(타사)_KDB생명보험 STT/TA 구축,KDB생명보험,,Green,,I. 제안배경,3. 사업의 이해도,3.1 추진 목표,_,_,"1. 거버닝
상담사 중심의 수동적, 전통적 개념의 콜센터에서 인공지능 기반 능동적, 적극적 Value Center로 진화 

2. 제안내용
STT/TA 시스템 구축 기반 의사결정 지원 체계 강화
음성데이터 자산화 및 분석 - 상담품질 전수관리 및 평가지표 활용
고객만족도 및 효율성 증대 - 상담사 표준스크립트 준수율 향상
마케팅 및 데이터 자산화 - 향후 마케팅 인사이트 도출 및 빅데이터 분석 기반 마련 
사전대응 프로세스 강화 - 블완전 판매 개선 잠재민원감지, 상담원 모니터링 
",https://storage.googleapis.com/a_jeancontents/03_KDB%EC%83%9D%EB%AA%85%EB%B3%B4%ED%97%98_AICC_%EA%B5%AC%EC%B6%95/(KDB%EC%83%9D%EB%AA%85%EB%B3%B4%ED%97%98)STT-TA%EA%B5%AC%EC%B6%95%EC%82%AC%EC%97%85/%EC%8A%AC%EB%9D%BC%EC%9D%B4%EB%93%9C8.PNG,https://storage.googleapis.com/a_jeancontents/03_KDB%EC%83%9D%EB%AA%85%EB%B3%B4%ED%97%98_AICC_%EA%B5%AC%EC%B6%95/(KDB%EC%83%9D%EB%AA%85%EB%B3%B4%ED%97%98)STT-TA%EA%B5%AC%EC%B6%95%EC%82%AC%EC%97%85/ppt/STT-TA%EA%B5%AC%EC%B6%95%EC%82%AC%EC%97%85%20%5Bslide%208%5D.pptx,,,,,,,,,,,,,,,,,,
,id_000005,KDB생명보험 STT/TA 구축,KDB생명보험 STT/TA 구축,참고자료,기업,(타사)_KDB생명보험 STT/TA 구축,KDB생명보험,,Green,,I. 제안배경,3. 사업의 이해도,3.2 업무별 기대효과,_,_,"1. 거버닝
콜센터 시스템 개선을 통한 상담사 효율성 제고 및 상담 품질 관리 개선

2. 기대효과
콜센터 업무 효율화 - 상담사 배치 등 효율적 운영 / 오상담 및 장시간 상담시 효율적 업무 전환 / 품질평가 보고서 통한 프로세스 개선
상담 데이터 관리 자동화 - 민원관련 전수 검증 가능 / 건별 소요시간 단축으로 인력효율화 / 상급기관 민원관련 요청사항 신속대응
상담품질관리 프로세스개선 - 신계약 관련 녹취자료 검정 용이 / 완전판매 모니터링으로 불완전판매 관리 / 스크립트 별 고객반응 확인",https://storage.googleapis.com/a_jeancontents/03_KDB%EC%83%9D%EB%AA%85%EB%B3%B4%ED%97%98_AICC_%EA%B5%AC%EC%B6%95/(KDB%EC%83%9D%EB%AA%85%EB%B3%B4%ED%97%98)STT-TA%EA%B5%AC%EC%B6%95%EC%82%AC%EC%97%85/%EC%8A%AC%EB%9D%BC%EC%9D%B4%EB%93%9C9.PNG,https://storage.googleapis.com/a_jeancontents/03_KDB%EC%83%9D%EB%AA%85%EB%B3%B4%ED%97%98_AICC_%EA%B5%AC%EC%B6%95/(KDB%EC%83%9D%EB%AA%85%EB%B3%B4%ED%97%98)STT-TA%EA%B5%AC%EC%B6%95%EC%82%AC%EC%97%85/ppt/STT-TA%EA%B5%AC%EC%B6%95%EC%82%AC%EC%97%85%20%5Bslide%209%5D.pptx,,,,,,,,,,,,,,,,,,
,id_000006,KDB생명보험 STT/TA 구축,KDB생명보험 STT/TA 구축,참고자료,기업,(타사)_KDB생명보험 STT/TA 구축,KDB생명보험,,Green,,I. 제안배경,3. 사업의 이해도,3.3 조직별 기대효과,_,_,"1. 거버닝
STT/TA 도입에 따른 고객 데이터 분석 기반 마련 및 업무 효율성 향상 기대

2. 기대효과
대고객 업무 / 신계약 관련 / 데이터 분석",https://storage.googleapis.com/a_jeancontents/03_KDB%EC%83%9D%EB%AA%85%EB%B3%B4%ED%97%98_AICC_%EA%B5%AC%EC%B6%95/(KDB%EC%83%9D%EB%AA%85%EB%B3%B4%ED%97%98)STT-TA%EA%B5%AC%EC%B6%95%EC%82%AC%EC%97%85/%EC%8A%AC%EB%9D%BC%EC%9D%B4%EB%93%9C10.PNG,https://storage.googleapis.com/a_jeancontents/03_KDB%EC%83%9D%EB%AA%85%EB%B3%B4%ED%97%98_AICC_%EA%B5%AC%EC%B6%95/(KDB%EC%83%9D%EB%AA%85%EB%B3%B4%ED%97%98)STT-TA%EA%B5%AC%EC%B6%95%EC%82%AC%EC%97%85/ppt/STT-TA%EA%B5%AC%EC%B6%95%EC%82%AC%EC%97%85%20%5Bslide%2010%5D.pptx,,,,,,,,,,,,,,,,,,
,id_000007,KDB생명보험 STT/TA 구축,KDB생명보험 STT/TA 구축,참고자료,기업,(타사)_KDB생명보험 STT/TA 구축,KDB생명보험,,Green,,I. 제안배경,4. 기대효과,_,_,_,"1. 거버닝
보험업무 이해를 바탕으로 향후 AI 컨택센터 기술 확장까지 고려한 유연한 시스템 아키텍처 구현

2. 기대효과 : 보험상품 판매 환경에 적합한 기민한 고객 대응 체계 및 향후 AI 기반 컨택센터 기반 기술 확보
콜센터 최적화 솔루션 적용
업무 환경 변화 대응 
고객 만족도 제고 
AI 기반 컨택센터 기반 확보 

",https://storage.googleapis.com/a_jeancontents/03_KDB%EC%83%9D%EB%AA%85%EB%B3%B4%ED%97%98_AICC_%EA%B5%AC%EC%B6%95/(KDB%EC%83%9D%EB%AA%85%EB%B3%B4%ED%97%98)STT-TA%EA%B5%AC%EC%B6%95%EC%82%AC%EC%97%85/%EC%8A%AC%EB%9D%BC%EC%9D%B4%EB%93%9C11.PNG,https://storage.googleapis.com/a_jeancontents/03_KDB%EC%83%9D%EB%AA%85%EB%B3%B4%ED%97%98_AICC_%EA%B5%AC%EC%B6%95/(KDB%EC%83%9D%EB%AA%85%EB%B3%B4%ED%97%98)STT-TA%EA%B5%AC%EC%B6%95%EC%82%AC%EC%97%85/ppt/STT-TA%EA%B5%AC%EC%B6%95%EC%82%AC%EC%97%85%20%5Bslide%2011%5D.pptx,,,,,,,,,,,,,,,,,,
,id_000008,KDB생명보험 STT/TA 구축,KDB생명보험 STT/TA 구축,참고자료,기업,(타사)_KDB생명보험 STT/TA 구축,KDB생명보험,,Green,,II. 제안사소개,1. 제안사 일반 현황,1.1 회사 개요,_,_,"1. 거버닝 : 30년 이상 축적된 ICT 전문성을 바탕으로 Global ICT Leader로서 국내 정보통신 산업 선도 
2. 일반현황 : 회사명 / 대표자 / 연혁",https://storage.googleapis.com/a_jeancontents/03_KDB%EC%83%9D%EB%AA%85%EB%B3%B4%ED%97%98_AICC_%EA%B5%AC%EC%B6%95/(KDB%EC%83%9D%EB%AA%85%EB%B3%B4%ED%97%98)STT-TA%EA%B5%AC%EC%B6%95%EC%82%AC%EC%97%85/%EC%8A%AC%EB%9D%BC%EC%9D%B4%EB%93%9C13.PNG,https://storage.googleapis.com/a_jeancontents/03_KDB%EC%83%9D%EB%AA%85%EB%B3%B4%ED%97%98_AICC_%EA%B5%AC%EC%B6%95/(KDB%EC%83%9D%EB%AA%85%EB%B3%B4%ED%97%98)STT-TA%EA%B5%AC%EC%B6%95%EC%82%AC%EC%97%85/ppt/STT-TA%EA%B5%AC%EC%B6%95%EC%82%AC%EC%97%85%20%5Bslide%2013%5D.pptx,,,,,,,,,,,,,,,,,,
,id_000009,KDB생명보험 STT/TA 구축,KDB생명보험 STT/TA 구축,참고자료,기업,(타사)_KDB생명보험 STT/TA 구축,KDB생명보험,,Green,,II. 제안사소개,1. 제안사 일반 현황,1.2 주요 사업 내용,_,_,"1. 거버닝 : ICT, 네트워크 뿐만 아니라 Intelligent Platform Provider로서 다양한 융∙복합 사업 추진 중
2. 주요사업내용",https://storage.googleapis.com/a_jeancontents/03_KDB%EC%83%9D%EB%AA%85%EB%B3%B4%ED%97%98_AICC_%EA%B5%AC%EC%B6%95/(KDB%EC%83%9D%EB%AA%85%EB%B3%B4%ED%97%98)STT-TA%EA%B5%AC%EC%B6%95%EC%82%AC%EC%97%85/%EC%8A%AC%EB%9D%BC%EC%9D%B4%EB%93%9C14.PNG,https://storage.googleapis.com/a_jeancontents/03_KDB%EC%83%9D%EB%AA%85%EB%B3%B4%ED%97%98_AICC_%EA%B5%AC%EC%B6%95/(KDB%EC%83%9D%EB%AA%85%EB%B3%B4%ED%97%98)STT-TA%EA%B5%AC%EC%B6%95%EC%82%AC%EC%97%85/ppt/STT-TA%EA%B5%AC%EC%B6%95%EC%82%AC%EC%97%85%20%5Bslide%2014%5D.pptx,,,,,,,,,,,,,,,,,,
,id_000010,KDB생명보험 STT/TA 구축,KDB생명보험 STT/TA 구축,참고자료,기업,(타사)_KDB생명보험 STT/TA 구축,KDB생명보험,,Green,,II. 제안사소개,1. 제안사 일반 현황,1.3 전사 조직,_,_,"1. 거버닝 : 제안사의 기업사업부문, AI/DX융복합사업부분과 IT부문을 중심으로 본 사업 추진 
2. 전사조직현황",https://storage.googleapis.com/a_jeancontents/03_KDB%EC%83%9D%EB%AA%85%EB%B3%B4%ED%97%98_AICC_%EA%B5%AC%EC%B6%95/(KDB%EC%83%9D%EB%AA%85%EB%B3%B4%ED%97%98)STT-TA%EA%B5%AC%EC%B6%95%EC%82%AC%EC%97%85/%EC%8A%AC%EB%9D%BC%EC%9D%B4%EB%93%9C15.PNG,https://storage.googleapis.com/a_jeancontents/03_KDB%EC%83%9D%EB%AA%85%EB%B3%B4%ED%97%98_AICC_%EA%B5%AC%EC%B6%95/(KDB%EC%83%9D%EB%AA%85%EB%B3%B4%ED%97%98)STT-TA%EA%B5%AC%EC%B6%95%EC%82%AC%EC%97%85/ppt/STT-TA%EA%B5%AC%EC%B6%95%EC%82%AC%EC%97%85%20%5Bslide%2015%5D.pptx,,,,,,,,,,,,,,,,,,
,id_000011,KDB생명보험 STT/TA 구축,KDB생명보험 STT/TA 구축,참고자료,기업,(타사)_KDB생명보험 STT/TA 구축,KDB생명보험,,Green,,II. 제안사소개,2. 수행 능력,2.1 재무 현황 및 신용등급,_,_,"1. 거버닝 : 최근 3년간 고객 만족을 바탕으로 안정적 재무 현황을 유지하며, 국내 3대 신용평가 기관이 평가한 회사채 최상위 AAA 등급 획득 
2. 재무현황",https://storage.googleapis.com/a_jeancontents/03_KDB%EC%83%9D%EB%AA%85%EB%B3%B4%ED%97%98_AICC_%EA%B5%AC%EC%B6%95/(KDB%EC%83%9D%EB%AA%85%EB%B3%B4%ED%97%98)STT-TA%EA%B5%AC%EC%B6%95%EC%82%AC%EC%97%85/%EC%8A%AC%EB%9D%BC%EC%9D%B4%EB%93%9C16.PNG,https://storage.googleapis.com/a_jeancontents/03_KDB%EC%83%9D%EB%AA%85%EB%B3%B4%ED%97%98_AICC_%EA%B5%AC%EC%B6%95/(KDB%EC%83%9D%EB%AA%85%EB%B3%B4%ED%97%98)STT-TA%EA%B5%AC%EC%B6%95%EC%82%AC%EC%97%85/ppt/STT-TA%EA%B5%AC%EC%B6%95%EC%82%AC%EC%97%85%20%5Bslide%2016%5D.pptx,,,,,,,,,,,,,,,,,,
,id_000012,KDB생명보험 STT/TA 구축,KDB생명보험 STT/TA 구축,참고자료,기업,(타사)_KDB생명보험 STT/TA 구축,KDB생명보험,,Green,,II. 제안사소개,2. 수행 능력,2.2 AICC 구축 실적,_,_,"1. 거버닝 : 다수의 금융 및 대기업 등을 대상을 AICC 솔루션 구축 레퍼런스 보유 
2. 최근 3년 실적",https://storage.googleapis.com/a_jeancontents/03_KDB%EC%83%9D%EB%AA%85%EB%B3%B4%ED%97%98_AICC_%EA%B5%AC%EC%B6%95/(KDB%EC%83%9D%EB%AA%85%EB%B3%B4%ED%97%98)STT-TA%EA%B5%AC%EC%B6%95%EC%82%AC%EC%97%85/%EC%8A%AC%EB%9D%BC%EC%9D%B4%EB%93%9C17.PNG,https://storage.googleapis.com/a_jeancontents/03_KDB%EC%83%9D%EB%AA%85%EB%B3%B4%ED%97%98_AICC_%EA%B5%AC%EC%B6%95/(KDB%EC%83%9D%EB%AA%85%EB%B3%B4%ED%97%98)STT-TA%EA%B5%AC%EC%B6%95%EC%82%AC%EC%97%85/ppt/STT-TA%EA%B5%AC%EC%B6%95%EC%82%AC%EC%97%85%20%5Bslide%2017%5D.pptx,,,,,,,,,,,,,,,,,,
,id_000013,KDB생명보험 STT/TA 구축,KDB생명보험 STT/TA 구축,참고자료,기업,(타사)_KDB생명보험 STT/TA 구축,KDB생명보험,,Green,,III. 프로젝트수행,1. 프로젝트 범위 및 목적,_,_,_,"1. 거버닝
본 사업의 프로젝트 범위는 STT,TA,QA를 대상으로 하고 있음
콜센터 고도화, 민원관리 프로세스 및 불완전 판매 개선, 향후 빅데이터 분석을 위한 기반 마련을 사업 목적으로 함

2. 프로젝트 범위
녹취 변환-음성인식 / 텍스트 분석 / 아웃바운드 표준스크립트 준수여부 체크 및 준수율 

3. 프로젝트 목적
STT/TA 시스템 구축을 통한 고객 음성데이터 수집 및 문자변환 데이터 관리
민원 및 상담품질 고도화를 통한 프로세스 개선과 불완전 판매 방지
향후 AI콜센터 전환을 위한 빅데이터 분석을 위한 기반 마련
",https://storage.googleapis.com/a_jeancontents/03_KDB%EC%83%9D%EB%AA%85%EB%B3%B4%ED%97%98_AICC_%EA%B5%AC%EC%B6%95/(KDB%EC%83%9D%EB%AA%85%EB%B3%B4%ED%97%98)STT-TA%EA%B5%AC%EC%B6%95%EC%82%AC%EC%97%85/%EC%8A%AC%EB%9D%BC%EC%9D%B4%EB%93%9C20.PNG,https://storage.googleapis.com/a_jeancontents/03_KDB%EC%83%9D%EB%AA%85%EB%B3%B4%ED%97%98_AICC_%EA%B5%AC%EC%B6%95/(KDB%EC%83%9D%EB%AA%85%EB%B3%B4%ED%97%98)STT-TA%EA%B5%AC%EC%B6%95%EC%82%AC%EC%97%85/ppt/STT-TA%EA%B5%AC%EC%B6%95%EC%82%AC%EC%97%85%20%5Bslide%2020%5D.pptx,,,,,,,,,,,,,,,,,,
,id_000014,KDB생명보험 STT/TA 구축,KDB생명보험 STT/TA 구축,참고자료,기업,(타사)_KDB생명보험 STT/TA 구축,KDB생명보험,,Green,,III. 프로젝트수행,2. 사업 추진 방향,2.1 사업 추진 전략,_,_,"1. 전략제목 : 최고 품질의 음성데이터 자산화 및 비정형 데이터 분석 체계 달성을 위해 4대 전략 제시
준비된 사업자
국내 최대 7,000석 규모의 KT 100번 및 다수 사업에서 검증된 AI 콜센터 리딩 사업자 역량 활용
고객센터 적용 및 운영 경험을 바탕으로 과업 범위에 대한 사전 준비, 설계, 구축, 검증 준비

차별화된 사업자
KT 자체 원천기술로 고객사 맞춤형 솔루션 적용하여 고객 업무에 특화된 솔루션 확장성 제공 
STT/TA를 시작으로 향후 AICC까지 고객사 상황에 맞는 단계별 풀패키지 제시",https://storage.googleapis.com/a_jeancontents/03_KDB%EC%83%9D%EB%AA%85%EB%B3%B4%ED%97%98_AICC_%EA%B5%AC%EC%B6%95/(KDB%EC%83%9D%EB%AA%85%EB%B3%B4%ED%97%98)STT-TA%EA%B5%AC%EC%B6%95%EC%82%AC%EC%97%85/%EC%8A%AC%EB%9D%BC%EC%9D%B4%EB%93%9C21.PNG,https://storage.googleapis.com/a_jeancontents/03_KDB%EC%83%9D%EB%AA%85%EB%B3%B4%ED%97%98_AICC_%EA%B5%AC%EC%B6%95/(KDB%EC%83%9D%EB%AA%85%EB%B3%B4%ED%97%98)STT-TA%EA%B5%AC%EC%B6%95%EC%82%AC%EC%97%85/ppt/STT-TA%EA%B5%AC%EC%B6%95%EC%82%AC%EC%97%85%20%5Bslide%2021%5D.pptx,,,,,,,,,,,,,,,,,,
,id_000015,KDB생명보험 STT/TA 구축,KDB생명보험 STT/TA 구축,참고자료,기업,(타사)_KDB생명보험 STT/TA 구축,KDB생명보험,,Green,,III. 프로젝트수행,2. 사업 추진 방향,2.2 시스템 구축 방법론,_,_,"1. 거버닝 : 제안사 표준 개발방법론을 적용하여 요구사항의 정확한 구현과 납기 일정 준수, 프로젝트 수행 품질 보장
2. 시스템 구축 방법론
3. 주요 수행 절차",https://storage.googleapis.com/a_jeancontents/03_KDB%EC%83%9D%EB%AA%85%EB%B3%B4%ED%97%98_AICC_%EA%B5%AC%EC%B6%95/(KDB%EC%83%9D%EB%AA%85%EB%B3%B4%ED%97%98)STT-TA%EA%B5%AC%EC%B6%95%EC%82%AC%EC%97%85/%EC%8A%AC%EB%9D%BC%EC%9D%B4%EB%93%9C26.PNG,https://storage.googleapis.com/a_jeancontents/03_KDB%EC%83%9D%EB%AA%85%EB%B3%B4%ED%97%98_AICC_%EA%B5%AC%EC%B6%95/(KDB%EC%83%9D%EB%AA%85%EB%B3%B4%ED%97%98)STT-TA%EA%B5%AC%EC%B6%95%EC%82%AC%EC%97%85/ppt/STT-TA%EA%B5%AC%EC%B6%95%EC%82%AC%EC%97%85%20%5Bslide%2026%5D.pptx,,,,,,,,,,,,,,,,,,
,id_000016,KDB생명보험 STT/TA 구축,KDB생명보험 STT/TA 구축,참고자료,기업,(타사)_KDB생명보험 STT/TA 구축,KDB생명보험,,Green,,III. 프로젝트수행,3. 목표 시스템 구성 방안,_,_,_,"1. 거버닝 - 제안사는 RFP 비즈니스 요건 및 기술적 요건 사항을 누락없이 충실히 이행하여 적기에 오픈하고 조기 안정화로 시스템 구축 완료
2. 시스템 구성도
",https://storage.googleapis.com/a_jeancontents/03_KDB%EC%83%9D%EB%AA%85%EB%B3%B4%ED%97%98_AICC_%EA%B5%AC%EC%B6%95/(KDB%EC%83%9D%EB%AA%85%EB%B3%B4%ED%97%98)STT-TA%EA%B5%AC%EC%B6%95%EC%82%AC%EC%97%85/%EC%8A%AC%EB%9D%BC%EC%9D%B4%EB%93%9C27.PNG,https://storage.googleapis.com/a_jeancontents/03_KDB%EC%83%9D%EB%AA%85%EB%B3%B4%ED%97%98_AICC_%EA%B5%AC%EC%B6%95/(KDB%EC%83%9D%EB%AA%85%EB%B3%B4%ED%97%98)STT-TA%EA%B5%AC%EC%B6%95%EC%82%AC%EC%97%85/ppt/STT-TA%EA%B5%AC%EC%B6%95%EC%82%AC%EC%97%85%20%5Bslide%2027%5D.pptx,,,,,,,,,,,,,,,,,,
,id_000017,KDB생명보험 STT/TA 구축,KDB생명보험 STT/TA 구축,참고자료,기업,(타사)_KDB생명보험 STT/TA 구축,KDB생명보험,,Green,,III. 프로젝트수행,4. 솔루션 구축 방안,4.1 솔루션 구축 개요,_,_,"1. 거버닝 : RFP 기능요건사항을 준수하는 검증된 솔루션 제공 및 향후 확장성을 고려한 아키텍처 수립
2. 솔루션 구축 개요
STT - 90% 인식율을 보장하는 완벽한 솔루션
TA - 고객 맞춤형 분석 기능을 통한 손쉬운 커스터마이징 
QA - 검증된 솔루션 경험 기반의 QA 프로세스 고도화",https://storage.googleapis.com/a_jeancontents/03_KDB%EC%83%9D%EB%AA%85%EB%B3%B4%ED%97%98_AICC_%EA%B5%AC%EC%B6%95/(KDB%EC%83%9D%EB%AA%85%EB%B3%B4%ED%97%98)STT-TA%EA%B5%AC%EC%B6%95%EC%82%AC%EC%97%85/%EC%8A%AC%EB%9D%BC%EC%9D%B4%EB%93%9C28.PNG,https://storage.googleapis.com/a_jeancontents/03_KDB%EC%83%9D%EB%AA%85%EB%B3%B4%ED%97%98_AICC_%EA%B5%AC%EC%B6%95/(KDB%EC%83%9D%EB%AA%85%EB%B3%B4%ED%97%98)STT-TA%EA%B5%AC%EC%B6%95%EC%82%AC%EC%97%85/ppt/STT-TA%EA%B5%AC%EC%B6%95%EC%82%AC%EC%97%85%20%5Bslide%2028%5D.pptx,,,,,,,,,,,,,,,,,,
,id_000018,KDB생명보험 STT/TA 구축,KDB생명보험 STT/TA 구축,참고자료,기업,(타사)_KDB생명보험 STT/TA 구축,KDB생명보험,,Green,,III. 프로젝트수행,4. 솔루션 구축 방안,4.2 STT 구축,_,_,"1. 거버닝
본 과업은 준실시간 방식으로 최대 200채널까지 수용가능 하도록 구축
향후 실시간 STT방식 추가까지 고려한 시스템 구축 방안 제시

2. 기능/특징
3. 음성데이터 처리 방안
4. 학습 및 인식률 향상 방안
5. 학습 이력 관리
6. 자동 학습 기능
7. 인식률 관리 UI 및 녹취 플레이어 제공 
8. 시각화 및 대쉬보드",https://storage.googleapis.com/a_jeancontents/03_KDB%EC%83%9D%EB%AA%85%EB%B3%B4%ED%97%98_AICC_%EA%B5%AC%EC%B6%95/(KDB%EC%83%9D%EB%AA%85%EB%B3%B4%ED%97%98)STT-TA%EA%B5%AC%EC%B6%95%EC%82%AC%EC%97%85/%EC%8A%AC%EB%9D%BC%EC%9D%B4%EB%93%9C29.PNG,https://storage.googleapis.com/a_jeancontents/03_KDB%EC%83%9D%EB%AA%85%EB%B3%B4%ED%97%98_AICC_%EA%B5%AC%EC%B6%95/(KDB%EC%83%9D%EB%AA%85%EB%B3%B4%ED%97%98)STT-TA%EA%B5%AC%EC%B6%95%EC%82%AC%EC%97%85/ppt/STT-TA%EA%B5%AC%EC%B6%95%EC%82%AC%EC%97%85%20%5Bslide%2029%5D.pptx,,,,,,,,,,,,,,,,,,
,id_000019,KDB생명보험 STT/TA 구축,KDB생명보험 STT/TA 구축,참고자료,기업,(타사)_KDB생명보험 STT/TA 구축,KDB생명보험,,Green,,III. 프로젝트수행,4. 솔루션 구축 방안,4.3 TA 구축(1/2),_,_,"1. 거버닝
STT로부터 음절 단위의 원문 및 처리코드를 전달받아 패턴 매칭, 분류 및 요약 등의 처리를 한 후 해당 결과를 실시간으로 저장 
지정된 주기에 맞춰 데이터 분석 및 검사 등을 수행하는 형태로 시스템을 구성
2. TA 구성 및 주요 기능
3. 키워드 및 트렌드 감성분석
4. 검색기능 다양화 및 대시보드 시각화 
5. 음성 녹취 플레이어 
6. 상담스크립트 및 학습자원 관리
7. 상담내용 자동분류 및 상담원문 조회/검색
8. 상담 의도 분석
9. 자연어 처리를 통한 상담고객 유형분석
10. 상담분석 서비스를 위한 관리 기능
11. 완전판매 자동 모니터링
12. 후속 관리",https://storage.googleapis.com/a_jeancontents/03_KDB%EC%83%9D%EB%AA%85%EB%B3%B4%ED%97%98_AICC_%EA%B5%AC%EC%B6%95/(KDB%EC%83%9D%EB%AA%85%EB%B3%B4%ED%97%98)STT-TA%EA%B5%AC%EC%B6%95%EC%82%AC%EC%97%85/%EC%8A%AC%EB%9D%BC%EC%9D%B4%EB%93%9C38.PNG,https://storage.googleapis.com/a_jeancontents/03_KDB%EC%83%9D%EB%AA%85%EB%B3%B4%ED%97%98_AICC_%EA%B5%AC%EC%B6%95/(KDB%EC%83%9D%EB%AA%85%EB%B3%B4%ED%97%98)STT-TA%EA%B5%AC%EC%B6%95%EC%82%AC%EC%97%85/ppt/STT-TA%EA%B5%AC%EC%B6%95%EC%82%AC%EC%97%85%20%5Bslide%2038%5D.pptx,,,,,,,,,,,,,,,,,,
,id_000020,KDB생명보험 STT/TA 구축,KDB생명보험 STT/TA 구축,참고자료,기업,(타사)_KDB생명보험 STT/TA 구축,KDB생명보험,,Green,,III. 프로젝트수행,4. 솔루션 구축 방안,4.3 TA 구축(2/2),_,_,"1. 거버닝 
STT로부터 음절 단위의 원문 및 처리코드를 전달받아 패턴 매칭, 분류 및 요약 등의 처리를 한 후 해당 결과를 실시간으로 저장 
지정된 주기에 맞춰 데이터 분석 및 검사 등을 수행하는 형태로 시스템을 구성 
2. TA 구성 및 주요 기능 
3. 키워드 및 트렌드 감성분석 
4. 검색기능 다양화 및 대시보드 시각화 
5. 음성 녹취 플레이어 
6. 상담스크립트 및 학습자원 관리 
7. 상담내용 자동분류 및 상담원문 조회/검색 
8. 상담 의도 분석 
9. 자연어 처리를 통한 상담고객 유형분석 
10. 상담분석 서비스를 위한 관리 기능 
11. 완전판매 자동 모니터링 
12. 후속 관리",https://storage.googleapis.com/a_jeancontents/03_KDB%EC%83%9D%EB%AA%85%EB%B3%B4%ED%97%98_AICC_%EA%B5%AC%EC%B6%95/(KDB%EC%83%9D%EB%AA%85%EB%B3%B4%ED%97%98)STT-TA%EA%B5%AC%EC%B6%95%EC%82%AC%EC%97%85/%EC%8A%AC%EB%9D%BC%EC%9D%B4%EB%93%9C45.PNG,https://storage.googleapis.com/a_jeancontents/03_KDB%EC%83%9D%EB%AA%85%EB%B3%B4%ED%97%98_AICC_%EA%B5%AC%EC%B6%95/(KDB%EC%83%9D%EB%AA%85%EB%B3%B4%ED%97%98)STT-TA%EA%B5%AC%EC%B6%95%EC%82%AC%EC%97%85/ppt/STT-TA%EA%B5%AC%EC%B6%95%EC%82%AC%EC%97%85%20%5Bslide%2045%5D.pptx,,,,,,,,,,,,,,,,,,
,id_000021,KDB생명보험 STT/TA 구축,KDB생명보험 STT/TA 구축,참고자료,기업,(타사)_KDB생명보험 STT/TA 구축,KDB생명보험,,Green,,III. 프로젝트수행,4. 솔루션 구축 방안,4.4 Auto-QA 구축(1/2),_,_,"1. 거버닝
모니터링 테마별 평가 대상 콜 자동 배정, 자동평가 항목 지정 및 GAP관리 등 QA 프로세스 자동화
2. QA 평가
3. 표준 스크립트 준수 QA 기능
4. 유형별 스크립트 관리
5. STT원문 및 스크립트 일치율 평가
6. 키워드 사전 관리
7. 특이사례 관리 및 자동 분류
8. 전수분석 기반 콜 관리
9. 누적 균질도 기반 역량 평가 콜 배정
10. 이상징후 콜 평가 및 후속관리
11. 완전판매 및 불완전 판매에 대한 검사
12. 표준 스크립트 평가에 따른 불완전 상담 콜 분류
13. QA 평가에 따른 보고서
14. 품질 지표에 따른 시각화
15. 이슈 키워드 현황
16. QA 및 QC에 대한 모니터링 계획 관리
17. 누적 Scoring 정보
18. 사용자 편의를 고려한 시스템 설계
19. 당사 시스템 인터페이스",https://storage.googleapis.com/a_jeancontents/03_KDB%EC%83%9D%EB%AA%85%EB%B3%B4%ED%97%98_AICC_%EA%B5%AC%EC%B6%95/(KDB%EC%83%9D%EB%AA%85%EB%B3%B4%ED%97%98)STT-TA%EA%B5%AC%EC%B6%95%EC%82%AC%EC%97%85/%EC%8A%AC%EB%9D%BC%EC%9D%B4%EB%93%9C51.PNG,https://storage.googleapis.com/a_jeancontents/03_KDB%EC%83%9D%EB%AA%85%EB%B3%B4%ED%97%98_AICC_%EA%B5%AC%EC%B6%95/(KDB%EC%83%9D%EB%AA%85%EB%B3%B4%ED%97%98)STT-TA%EA%B5%AC%EC%B6%95%EC%82%AC%EC%97%85/ppt/STT-TA%EA%B5%AC%EC%B6%95%EC%82%AC%EC%97%85%20%5Bslide%2051%5D.pptx,,,,,,,,,,,,,,,,,,
